Job,Event,Track,Parent,Patch,Creation Time [ns],Death Time [ns]
0,0,250012,249542,AlPatch_0_1,10537.033427566,10537.131137535
0,0,250011,249542,AlPatch_0_1,10537.033427566,10537.121472286
0,0,250066,246470,AlPatch_1_1,7768.5712455304,7768.6735645679
0,0,250065,246470,AlPatch_1_1,7768.5712455304,7768.6567451343
0,0,250396,226649,AlPatch_2_0,1085.8743495317,1085.9634291357
0,0,250395,226649,AlPatch_2_0,1085.8743495317,1085.9610142305
0,0,250456,222917,AlPatch_2_0,2795.7703715146,2795.8588167425
0,0,250455,222917,AlPatch_2_0,2795.7703715146,2795.8580013199
0,0,250612,213572,AlPatch_1_0,2896.457735387,2896.5435054339
0,0,250611,213572,AlPatch_1_0,2896.457735387,2896.5600639532
0,0,250894,195035,AlPatch_2_1,8335.0853226628,8335.1826623319
0,0,250893,195035,AlPatch_2_1,8335.0853226628,8335.1821531707
0,0,251454,161764,AlPatch_2_0,21930.938049735,21931.035165911
0,0,251453,161764,AlPatch_2_0,21930.938049735,21931.031471948
0,0,251664,149504,AlPatch_2_1,1431.408216125,1431.4974716768
0,0,251663,149504,AlPatch_2_1,1431.408216125,1431.5003589045
0,0,251864,134992,AlPatch_2_0,1507.3106865468,1507.3975138744
0,0,251863,134992,AlPatch_2_0,1507.3106865468,1507.3977248249
0,0,252270,113374,AlPatch_1_1,9855.8344137334,9855.9267399315
0,0,252269,113374,AlPatch_1_1,9855.8344137334,9855.9294134773
0,0,252416,103187,AlPatch_2_0,2536.0493283555,2536.1522912539
0,0,252415,103187,AlPatch_2_0,2536.0493283555,2536.1390728078
0,0,252548,95859,AlPatch_1_0,16276.354379574,16276.442424898
0,0,252547,95859,AlPatch_1_0,16276.354379574,16276.442881805
0,0,252714,86440,AlPatch_0_0,14708.401940536,14708.489491273
0,0,252713,86440,AlPatch_0_0,14708.401940536,14708.499586029
0,0,252892,75769,AlPatch_0_1,11963.691496266,11963.78045735
0,0,252891,75769,AlPatch_0_1,11963.691496266,11963.779515916
0,0,253198,57517,AlPatch_1_1,9372.5964222019,9372.6850630537
0,0,253197,57517,AlPatch_1_1,9372.5964222019,9372.6849599836
0,0,253458,43115,AlPatch_1_0,5937.6513618012,5937.751689886
0,0,253457,43115,AlPatch_1_0,5937.6513618012,5937.7532178368
0,0,253502,40663,AlPatch_1_1,6313.0055978233,6313.0995015719
0,0,253501,40663,AlPatch_1_1,6313.0055978233,6313.1038912367
0,0,253554,37275,AlPatch_1_1,7692.0744191861,7692.1631526923
0,0,253553,37275,AlPatch_1_1,7692.0744191861,7692.1635275361
0,0,253734,28594,AlPatch_0_1,13626.40175115,13626.487747916
0,0,253733,28594,AlPatch_0_1,13626.40175115,13626.503874597
0,0,253820,23683,AlPatch_2_1,460.31746006411,460.40832206677
0,0,253819,23683,AlPatch_2_1,460.31746006411,460.41770559889
0,0,253894,19218,AlPatch_2_0,10933.67595821,10933.762975282
0,0,253893,19218,AlPatch_2_0,10933.67595821,10933.762494366
0,0,253926,17309,AlPatch_0_0,8818.4026256209,8818.491779249
0,0,253925,17309,AlPatch_0_0,8818.4026256209,8818.5030741217
0,0,253968,15405,AlPatch_2_1,13982.790290423,13982.876256523
0,0,253967,15405,AlPatch_2_1,13982.790290423,13982.893234023
0,0,254168,3264,AlPatch_0_1,21799.770364094,21799.856718758
0,0,254167,3264,AlPatch_0_1,21799.770364094,21799.85723497
10,0,250116,244379,AlPatch_1_1,19080.324237804,19080.425547206
10,0,250115,244379,AlPatch_1_1,19080.324237804,19080.419250064
10,0,250206,238265,AlPatch_1_1,13377.968310532,13378.06677914
10,0,250205,238265,AlPatch_1_1,13377.968310532,13378.05942294
10,0,250300,232610,AlPatch_2_1,16654.604626125,16654.69514035
10,0,250299,232610,AlPatch_2_1,16654.604626125,16654.69781677
10,0,250628,211276,AlPatch_2_0,3563.0587299252,3563.1573397392
10,0,250627,211276,AlPatch_2_0,3563.0587299252,3563.14852564
10,0,250634,211234,AlPatch_1_0,747.34930849292,747.43626568874
10,0,250633,211234,AlPatch_1_0,747.34930849292,747.45135072078
10,0,250746,204156,AlPatch_2_1,675.26963811352,675.35768103219
10,0,250745,204156,AlPatch_2_1,675.26963811351,675.35865137406
10,0,250928,192259,AlPatch_2_0,3955.0865893498,3955.1856688108
10,0,250927,192259,AlPatch_2_0,3955.0865893498,3955.1799876175
10,0,251186,175919,AlPatch_2_1,3666.6954252341,3666.7818013367
10,0,251185,175919,AlPatch_2_1,3666.6954252341,3666.7814954211
10,0,251418,163940,AlPatch_2_0,2516.0711272506,2516.1674108139
10,0,251417,163940,AlPatch_2_0,2516.0711272506,2516.161192273
10,0,251642,151347,AlPatch_2_0,9257.4728476226,9257.5678634173
10,0,251641,151347,AlPatch_2_0,9257.4728476226,9257.5762566206
10,0,251938,136189,AlPatch_1_1,5463.8960971765,5463.9874376004
10,0,251937,136189,AlPatch_1_1,5463.8960971765,5463.9890491578
10,0,252074,129659,AlPatch_1_0,7255.6328301264,7255.7245349469
10,0,252073,129659,AlPatch_1_0,7255.6328301264,7255.7232454763
10,0,252098,128079,AlPatch_1_0,6378.2895298141,6378.3757976889
10,0,252097,128079,AlPatch_1_0,6378.2895298141,6378.390991149
10,0,252112,126979,AlPatch_0_1,10025.625151351,10025.724499434
10,0,252111,126979,AlPatch_0_1,10025.625151351,10025.716792194
10,0,253000,71257,AlPatch_2_1,16506.290110559,16506.376503363
10,0,252999,71257,AlPatch_2_1,16506.290110559,16506.376482709
10,0,253212,60033,AlPatch_1_0,14415.840378286,14415.926615916
10,0,253211,60033,AlPatch_1_0,14415.840378286,14415.92689532
10,0,253250,57070,AlPatch_0_0,5119.9463768658,5120.0366589741
10,0,253249,57070,AlPatch_0_0,5119.9463768658,5120.0464045242
10,0,253372,48679,AlPatch_2_1,3915.8943641186,3915.9807448556
10,0,253371,48679,AlPatch_2_1,3915.8943641186,3915.9911409774
10,0,253562,37753,AlPatch_2_0,3202.4554035143,3202.5476572728
10,0,253561,37753,AlPatch_2_0,3202.4554035143,3202.5425756552
10,0,253634,33139,AlPatch_2_0,8747.3965454895,8747.4940233857
10,0,253633,33139,AlPatch_2_0,8747.3965454895,8747.4868819199
10,0,253844,18121,AlPatch_2_0,15890.372011981,15890.468603379
10,0,253843,18121,AlPatch_2_0,15890.372011981,15890.470120061
10,0,254088,2950,AlPatch_0_1,4446.6168290514,4446.7104439831
10,0,254087,2950,AlPatch_0_1,4446.6168290514,4446.712545651
11,0,250070,246029,AlPatch_2_0,249.95198580701,250.0477105875
11,0,250069,246029,AlPatch_2_0,249.95198580701,250.0508224834
11,0,250274,234503,AlPatch_0_0,12594.755234725,12594.853394938
11,0,250273,234503,AlPatch_0_0,12594.755234725,12594.845739365
11,0,250812,203985,AlPatch_0_0,5154.1133391683,5154.2043424788
11,0,250811,203985,AlPatch_0_0,5154.1133391683,5154.207215286
11,0,250884,199577,AlPatch_2_1,20022.032390244,20022.123831743
11,0,250883,199577,AlPatch_2_1,20022.032390244,20022.130689499
11,0,251042,190244,AlPatch_2_0,250.95157850117,251.04896027429
11,0,251041,190244,AlPatch_2_0,250.95157850117,251.04484844307
11,0,251482,161756,AlPatch_0_0,16600.859853504,16600.952239941
11,0,251481,161756,AlPatch_0_0,16600.859853504,16600.963809067
11,0,251762,143748,AlPatch_0_1,7474.6964077161,7474.7870817627
11,0,251761,143748,AlPatch_0_1,7474.6964077161,7474.792422457
11,0,251770,143577,AlPatch_2_0,254.43118911989,254.52210559838
11,0,251769,143577,AlPatch_2_0,254.43118911989,254.52952441794
11,0,251820,140986,AlPatch_2_0,3623.0337612339,3623.1243170053
11,0,251819,140986,AlPatch_2_0,3623.0337612339,3623.1250105895
11,0,251946,133641,AlPatch_2_1,1195.117583174,1195.2089442603
11,0,251945,133641,AlPatch_2_1,1195.117583174,1195.2159937156
11,0,251982,131555,AlPatch_2_0,4763.1538827562,4763.2468879656
11,0,251981,131555,AlPatch_2_0,4763.1538827562,4763.2502608796
11,0,252050,128047,AlPatch_0_0,4375.9697576825,4376.0588719071
11,0,252049,128047,AlPatch_0_0,4375.9697576825,4376.057521307
11,0,252182,120040,AlPatch_1_1,15180.823954004,15180.916637395
11,0,252181,120040,AlPatch_1_1,15180.823954004,15180.918879452
11,0,252186,119982,AlPatch_0_0,18517.880418618,18517.971130794
11,0,252185,119982,AlPatch_0_0,18517.880418618,18517.975246554
11,0,252632,93506,AlPatch_0_1,19939.322992738,19939.424097703
11,0,252631,93506,AlPatch_0_1,19939.322992738,19939.410670372
11,0,253142,63062,AlPatch_2_1,18144.096299059,18144.192633099
11,0,253141,63062,AlPatch_2_1,18144.096299059,18144.183582027
11,0,253204,59225,AlPatch_0_1,17373.776928861,17373.866923539
11,0,253203,59225,AlPatch_0_1,17373.776928861,17373.869621778
11,0,253466,43306,AlPatch_1_1,6452.9900510874,6453.0908560335
11,0,253465,43306,AlPatch_1_1,6452.9900510874,6453.0853050028
11,0,254144,3555,AlPatch_2_0,897.48462647365,897.57372061521
11,0,254143,3555,AlPatch_2_0,897.48462647365,897.58747192148
11,0,254162,3131,AlPatch_1_1,7025.6496253912,7025.7515088006
11,0,254161,3131,AlPatch_1_1,7025.6496253912,7025.7494027502
12,0,250154,238340,AlPatch_0_1,11193.348786055,11193.439603818
12,0,250153,238340,AlPatch_0_1,11193.348786055,11193.435752108
12,0,250196,236103,AlPatch_2_1,2561.5368286939,2561.635604451
12,0,250195,236103,AlPatch_2_1,2561.5368286939,2561.6276019519
12,0,250328,228658,AlPatch_0_0,16157.63585538,16157.729987891
12,0,250327,228658,AlPatch_0_0,16157.63585538,16157.723763842
12,0,250498,219968,AlPatch_1_0,10762.24096856,10762.331277216
12,0,250497,219968,AlPatch_1_0,10762.24096856,10762.339345092
12,0,250610,213664,AlPatch_2_0,7835.7157751001,7835.8091692156
12,0,250609,213664,AlPatch_2_0,7835.7157751001,7835.8090882355
12,0,250696,208738,AlPatch_2_1,8394.9706423253,8395.0610556424
12,0,250695,208738,AlPatch_2_1,8394.9706423253,8395.0681122103
12,0,250820,202707,AlPatch_1_0,8892.9323128489,8893.0271315365
12,0,250819,202707,AlPatch_1_0,8892.9323128489,8893.0239755563
12,0,250900,198460,AlPatch_2_1,10899.620015312,10899.709643749
12,0,250899,198460,AlPatch_2_1,10899.620015312,10899.720509112
12,0,250930,196648,AlPatch_1_0,8116.2384273322,8116.3297837301
12,0,250929,196648,AlPatch_1_0,8116.2384273322,8116.3303061498
12,0,250978,194372,AlPatch_0_0,4964.3423436344,4964.436637815
12,0,250977,194372,AlPatch_0_0,4964.3423436344,4964.4423184538
12,0,251178,183649,AlPatch_2_0,10857.849599685,10857.947360058
12,0,251177,183649,AlPatch_2_0,10857.849599685,10857.949386717
12,0,251214,181438,AlPatch_2_0,5645.6161448553,5645.7016551311
12,0,251213,181438,AlPatch_2_0,5645.6161448553,5645.7170761654
12,0,251350,174346,AlPatch_2_0,249.42176531439,249.50902651388
12,0,251349,174346,AlPatch_2_0,249.42176531439,249.51278123987
12,0,251356,173503,AlPatch_0_1,3651.8624773481,3651.9694691981
12,0,251355,173503,AlPatch_0_1,3651.8624773481,3651.9480757365
12,0,251512,165498,AlPatch_0_1,6055.9340234513,6056.0338983297
12,0,251511,165498,AlPatch_0_1,6055.9340234513,6056.031417993
12,0,251880,141630,AlPatch_2_1,2798.280697874,2798.3680882143
12,0,251879,141630,AlPatch_2_1,2798.280697874,2798.3679405795
12,0,251904,139905,AlPatch_2_0,17423.94567619,17424.033957151
12,0,251903,139905,AlPatch_2_0,17423.94567619,17424.046564457
12,0,252428,109315,AlPatch_1_1,4704.3469269824,4704.4411644628
12,0,252427,109315,AlPatch_1_1,4704.3469269824,4704.4451588897
12,0,252554,102051,AlPatch_1_0,11611.999408674,11612.088254287
12,0,252553,102051,AlPatch_1_0,11611.999408674,11612.088210709
12,0,252660,94930,AlPatch_2_0,257.12344250971,257.22358469449
12,0,252659,94930,AlPatch_2_0,257.12344250971,257.22299164287
12,0,253342,57806,AlPatch_0_0,2142.5074884402,2142.6032817626
12,0,253341,57806,AlPatch_0_0,2142.5074884402,2142.6015364196
12,0,253438,53529,AlPatch_2_1,16354.648322348,16354.741319269
12,0,253437,53529,AlPatch_2_1,16354.648322348,16354.738473045
12,0,253900,26101,AlPatch_0_0,9674.3064762071,9674.3930832893
12,0,253899,26101,AlPatch_0_0,9674.306476207,9674.408363246
12,0,253924,24994,AlPatch_0_0,6401.1903485897,6401.2796659537
12,0,253923,24994,AlPatch_0_0,6401.1903485897,6401.2772876809
12,0,253928,24725,AlPatch_0_0,9887.0178114497,9887.1040559068
12,0,253927,24725,AlPatch_0_0,9887.0178114497,9887.1127926694
12,0,254310,2945,AlPatch_2_0,708.47000423245,708.55822625374
12,0,254309,2945,AlPatch_2_0,708.47000423245,708.55848681297
12,0,254330,1040,AlPatch_0_1,17717.321638397,17717.411108566
12,0,254329,1040,AlPatch_0_1,17717.321638397,17717.423387226
13,0,250190,238431,AlPatch_1_1,15382.611665062,15382.707234812
13,0,250189,238431,AlPatch_1_1,15382.611665062,15382.704863559
13,0,250570,217015,AlPatch_0_0,13822.729366272,13822.818897967
13,0,250569,217015,AlPatch_0_0,13822.729366272,13822.819194234
13,0,250912,196667,AlPatch_2_0,263.60608512227,263.7035611558
13,0,250911,196667,AlPatch_2_0,263.60608512227,263.69201606967
13,0,251222,176697,AlPatch_2_1,8454.0457141269,8454.137485495
13,0,251221,176697,AlPatch_2_1,8454.0457141269,8454.1419139614
13,0,251306,171877,AlPatch_2_0,683.03529082886,683.13284743696
13,0,251305,171877,AlPatch_2_0,683.03529082886,683.12925638474
13,0,251680,149126,AlPatch_0_1,7749.9264855007,7750.0144661309
13,0,251679,149126,AlPatch_0_1,7749.9264855007,7750.0146313064
13,0,251864,137899,AlPatch_1_0,17787.108293513,17787.198946973
13,0,251863,137899,AlPatch_1_0,17787.108293513,17787.19663884
13,0,252050,128625,AlPatch_1_1,13354.392179048,13354.486748467
13,0,252049,128625,AlPatch_1_1,13354.392179048,13354.486477958
13,0,252588,100172,AlPatch_0_1,15740.013881868,15740.111992295
13,0,252587,100172,AlPatch_0_1,15740.013881868,15740.103748734
13,0,252792,87880,AlPatch_0_0,13197.348310428,13197.435567479
13,0,252791,87880,AlPatch_0_0,13197.348310428,13197.445883268
13,0,252878,83178,AlPatch_2_0,5335.5683536718,5335.6560336082
13,0,252877,83178,AlPatch_2_0,5335.5683536718,5335.6540645275
13,0,252964,77897,AlPatch_0_0,7013.2679120054,7013.3564493897
13,0,252963,77897,AlPatch_0_0,7013.2679120054,7013.3563864121
13,0,253118,68794,AlPatch_0_1,8736.1169516806,8736.2024140034
13,0,253117,68794,AlPatch_0_1,8736.1169516806,8736.2021775771
13,0,253364,53955,AlPatch_2_0,1135.6904543783,1135.7947901569
13,0,253363,53955,AlPatch_2_0,1135.6904543783,1135.7921339177
13,0,253430,49867,AlPatch_2_0,4555.3034702882,4555.3892387381
13,0,253429,49867,AlPatch_2_0,4555.3034702882,4555.389223705
13,0,253608,38647,AlPatch_0_1,4337.3412187971,4337.430449344
13,0,253607,38647,AlPatch_0_1,4337.3412187971,4337.4326820015
13,0,254046,14307,AlPatch_2_0,7379.936083899,7380.0258963884
13,0,254045,14307,AlPatch_2_0,7379.936083899,7380.0252531815
13,0,254080,12437,AlPatch_0_0,13580.004679738,13580.096200058
13,0,254079,12437,AlPatch_0_0,13580.004679738,13580.094612826
14,0,250062,247346,AlPatch_2_1,2675.208945198,2675.3086300412
14,0,250061,247346,AlPatch_2_1,2675.208945198,2675.3072582877
14,0,250214,238038,AlPatch_2_1,1005.3957381707,1005.4918663645
14,0,250213,238038,AlPatch_2_1,1005.3957381707,1005.4949761846
14,0,250220,237946,AlPatch_0_0,17822.868535854,17822.95683179
14,0,250219,237946,AlPatch_0_0,17822.868535854,17822.968611286
14,0,250260,235370,AlPatch_2_0,255.94752146696,256.03725325346
14,0,250259,235370,AlPatch_2_0,255.94752146696,256.03632251347
14,0,250406,225572,AlPatch_2_0,939.80797205885,939.90148875912
14,0,250405,225572,AlPatch_2_0,939.80797205885,939.9032633441
14,0,251058,187675,AlPatch_2_1,14983.014878628,14983.104092629
14,0,251057,187675,AlPatch_2_1,14983.014878628,14983.103046416
14,0,251336,169773,AlPatch_2_0,10241.122889905,10241.210118048
14,0,251335,169773,AlPatch_2_0,10241.122889905,10241.210408636
14,0,251800,139465,AlPatch_1_0,7953.3478673618,7953.4501232961
14,0,251799,139465,AlPatch_1_0,7953.3478673618,7953.4345198463
14,0,252174,118028,AlPatch_2_0,665.21612764587,665.30484494566
14,0,252173,118028,AlPatch_2_0,665.21612764587,665.315965051
14,0,252848,75550,AlPatch_1_0,6096.2463539448,6096.3410273834
14,0,252847,75550,AlPatch_1_0,6096.2463539448,6096.3473939378
14,0,252862,74785,AlPatch_2_1,21878.29180905,21878.381113908
14,0,252861,74785,AlPatch_2_1,21878.29180905,21878.381268628
14,0,252906,72988,AlPatch_2_1,10573.845812625,10573.934493405
14,0,252905,72988,AlPatch_2_1,10573.845812625,10573.944899154
14,0,252976,69251,AlPatch_1_1,8514.5562109107,8514.6494702175
14,0,252975,69251,AlPatch_1_1,8514.5562109107,8514.6537939336
14,0,253044,65054,AlPatch_1_0,10291.933251008,10292.026600334
14,0,253043,65054,AlPatch_1_0,10291.933251008,10292.025623837
14,0,253074,62644,AlPatch_0_1,2803.0146903039,2803.1153645076
14,0,253073,62644,AlPatch_0_1,2803.0146903039,2803.1019783641
14,0,253232,52514,AlPatch_0_1,7777.2866945012,7777.3749926194
14,0,253231,52514,AlPatch_0_1,7777.2866945012,7777.3748024245
14,0,253554,36632,AlPatch_1_0,10675.046500882,10675.147102193
14,0,253553,36632,AlPatch_1_0,10675.046500882,10675.137982193
14,0,253640,32815,AlPatch_2_0,797.6019210693,797.69105492566
14,0,253639,32815,AlPatch_2_0,797.6019210693,797.69367264367
14,0,253924,13474,AlPatch_0_1,20422.566294036,20422.661101123
14,0,253923,13474,AlPatch_0_1,20422.566294036,20422.660231986
14,0,253970,10391,AlPatch_0_0,10636.704176198,10636.793916748
14,0,253969,10391,AlPatch_0_0,10636.704176198,10636.794537685
14,0,254106,2541,AlPatch_0_1,4341.3663538522,4341.4549813366
14,0,254105,2541,AlPatch_0_1,4341.3663538522,4341.4663276014
14,0,254138,204,AlPatch_2_1,3994.6272939785,3994.7253953652
14,0,254137,204,AlPatch_2_1,3994.6272939785,3994.7163077141
15,0,250024,249080,AlPatch_2_1,14329.003523333,14329.098886188
15,0,250023,249080,AlPatch_2_1,14329.003523333,14329.093484817
15,0,250394,224972,AlPatch_1_1,7770.0567086767,7770.1468000049
15,0,250393,224972,AlPatch_1_1,7770.0567086767,7770.1465094704
15,0,250688,208162,AlPatch_2_1,11345.89592641,11345.98543335
15,0,250687,208162,AlPatch_2_1,11345.89592641,11345.981725925
15,0,250776,202720,AlPatch_2_1,2670.8801339101,2670.9813633045
15,0,250775,202720,AlPatch_2_1,2670.8801339101,2670.9755177471
15,0,251182,178077,AlPatch_0_1,10740.988306315,10741.076407792
15,0,251181,178077,AlPatch_0_1,10740.988306315,10741.07651415
15,0,251232,175124,AlPatch_2_0,1172.0485780285,1172.1472264401
15,0,251231,175124,AlPatch_2_0,1172.0485780285,1172.1478946787
15,0,251298,171015,AlPatch_0_1,2951.4304177321,2951.5236615848
15,0,251297,171015,AlPatch_0_1,2951.4304177321,2951.5242406356
15,0,251314,170158,AlPatch_2_0,478.80918158021,478.89590358799
15,0,251313,170158,AlPatch_2_0,478.80918158021,478.89643542187
15,0,252236,113455,AlPatch_1_1,11455.93477724,11456.035833834
15,0,252235,113455,AlPatch_1_1,11455.93477724,11456.025363208
15,0,252654,86146,AlPatch_1_0,12100.170381451,12100.259606028
15,0,252653,86146,AlPatch_1_0,12100.170381451,12100.269560222
15,0,253280,47253,AlPatch_2_1,13057.977071494,13058.078888436
15,0,253279,47253,AlPatch_2_1,13057.977071494,13058.06357194
15,0,253534,28117,AlPatch_0_0,6835.9786537659,6836.0741867976
15,0,253533,28117,AlPatch_0_0,6835.9786537659,6836.0712917765
15,0,253888,7380,AlPatch_2_1,5872.0995691832,5872.1876686568
15,0,253887,7380,AlPatch_2_1,5872.0995691832,5872.1940320211
16,0,250368,231153,AlPatch_0_1,4497.9802402832,4498.0689858086
16,0,250367,231153,AlPatch_0_1,4497.9802402832,4498.0794821913
16,0,250646,217074,AlPatch_0_0,4317.9327366026,4318.0329309831
16,0,250645,217074,AlPatch_0_0,4317.9327366026,4318.0224899039
16,0,250764,208708,AlPatch_1_0,7154.2466290626,7154.343787521
16,0,250763,208708,AlPatch_1_0,7154.2466290626,7154.3390196968
16,0,250790,207182,AlPatch_2_0,256.6610269909,256.7466910706
16,0,250789,207182,AlPatch_2_0,256.6610269909,256.76320510034
16,0,250906,201347,AlPatch_2_0,271.61613575057,271.7020677267
16,0,250905,201347,AlPatch_2_0,271.61613575057,271.70755709865
16,0,251002,194980,AlPatch_1_0,20162.263396607,20162.359792767
16,0,251001,194980,AlPatch_1_0,20162.263396607,20162.357358106
16,0,251124,185900,AlPatch_2_1,21150.879755712,21150.96997487
16,0,251123,185900,AlPatch_2_1,21150.879755712,21150.968842306
16,0,251238,179929,AlPatch_1_1,20329.761087416,20329.860368806
16,0,251237,179929,AlPatch_1_1,20329.761087416,20329.854745095
16,0,251728,149652,AlPatch_1_0,2757.1930986624,2757.2809809339
16,0,251727,149652,AlPatch_1_0,2757.1930986624,2757.2800523546
16,0,251784,146607,AlPatch_0_0,915.06341227128,915.15123109244
16,0,251783,146607,AlPatch_0_0,915.06341227128,915.16277024253
16,0,252298,119798,AlPatch_0_0,14370.139245345,14370.225292623
16,0,252297,119798,AlPatch_0_0,14370.139245345,14370.224980244
16,0,252342,117031,AlPatch_2_0,745.60771054776,745.70417145452
16,0,252341,117031,AlPatch_2_0,745.60771054776,745.69943523634
16,0,252474,110858,AlPatch_0_0,3874.8862731863,3874.9765406922
16,0,252473,110858,AlPatch_0_0,3874.8862731863,3874.9743912581
16,0,252542,107116,AlPatch_2_0,475.5835923292,475.67651861677
16,0,252541,107116,AlPatch_2_0,475.5835923292,475.67676951682
16,0,252812,90708,AlPatch_1_0,14567.866345065,14567.953169898
16,0,252811,90708,AlPatch_1_0,14567.866345065,14567.952119743
16,0,252970,80379,AlPatch_1_0,6428.6362273914,6428.7226207449
16,0,252969,80379,AlPatch_1_0,6428.6362273914,6428.7223176842
16,0,253170,69561,AlPatch_2_0,371.98963450614,372.07862651202
16,0,253169,69561,AlPatch_2_0,371.98963450614,372.07519579991
16,0,253498,50538,AlPatch_2_1,14633.326769797,14633.415932458
16,0,253497,50538,AlPatch_2_1,14633.326769797,14633.426479804
16,0,253592,43860,AlPatch_2_0,434.40673783109,434.49915010027
16,0,253591,43860,AlPatch_2_0,434.40673783109,434.50454732566
16,0,253830,29196,AlPatch_1_1,16495.675014996,16495.773881874
16,0,253829,29196,AlPatch_1_1,16495.675014996,16495.772719072
16,0,253874,25882,AlPatch_2_1,6449.799924674,6449.8862945059
16,0,253873,25882,AlPatch_2_1,6449.7999246739,6449.9049053909
16,0,254296,3370,AlPatch_0_1,12322.249506553,12322.343693246
16,0,254295,3370,AlPatch_0_1,12322.249506553,12322.346115964
16,0,254334,1465,AlPatch_2_0,644.99402900705,645.09034307806
16,0,254333,1465,AlPatch_2_0,644.99402900705,645.08564779307
17,0,250338,232275,AlPatch_2_1,12839.266973927,12839.358324699
17,0,250337,232275,AlPatch_2_1,12839.266973927,12839.363250377
17,0,250726,212218,AlPatch_2_0,1957.1795552742,1957.2661590541
17,0,250725,212218,AlPatch_2_0,1957.1795552742,1957.2659235194
17,0,250818,207571,AlPatch_0_1,10749.439837294,10749.539233002
17,0,250817,207571,AlPatch_0_1,10749.439837294,10749.526217393
17,0,251186,183184,AlPatch_1_1,7215.9742888908,7216.0677428368
17,0,251185,183184,AlPatch_1_1,7215.9742888908,7216.0662649506
17,0,251324,174147,AlPatch_0_0,14474.416662195,14474.516717751
17,0,251323,174147,AlPatch_0_0,14474.416662195,14474.51156934
17,0,251542,162728,AlPatch_1_0,16162.255793763,16162.358819624
17,0,251541,162728,AlPatch_1_0,16162.255793763,16162.356020912
17,0,251544,162698,AlPatch_2_1,13005.151224577,13005.251072405
17,0,251543,162698,AlPatch_2_1,13005.151224577,13005.25008854
17,0,251752,148675,AlPatch_2_1,6805.9565143339,6806.0560840779
17,0,251751,148675,AlPatch_2_1,6805.9565143339,6806.0451349476
17,0,251996,133030,AlPatch_2_0,256.38153848191,256.46745783321
17,0,251995,133030,AlPatch_2_0,256.38153848191,256.46754897438
17,0,252566,96889,AlPatch_1_1,2052.8960444331,2052.9974044697
17,0,252565,96889,AlPatch_1_1,2052.8960444331,2052.9927227096
17,0,252680,90861,AlPatch_1_1,14000.330820721,14000.421110181
17,0,252679,90861,AlPatch_1_1,14000.330820721,14000.424635679
17,0,252828,81929,AlPatch_0_0,9147.1327326568,9147.2208169147
17,0,252827,81929,AlPatch_0_0,9147.1327326569,9147.2193317599
17,0,253912,19286,AlPatch_1_0,14901.208063136,14901.299047667
17,0,253911,19286,AlPatch_1_0,14901.208063136,14901.30908721
18,0,250030,247630,AlPatch_0_1,2754.2329435126,2754.3208890036
18,0,250029,247630,AlPatch_0_1,2754.2329435126,2754.3212300397
18,0,250168,239210,AlPatch_1_0,11627.567188049,11627.663679427
18,0,250167,239210,AlPatch_1_0,11627.567188048,11627.66101914
18,0,250242,234028,AlPatch_2_0,9117.2191628853,9117.313394305
18,0,250241,234028,AlPatch_2_0,9117.2191628853,9117.3111387125
18,0,250358,226306,AlPatch_1_1,9313.4734191433,9313.5750892736
18,0,250357,226306,AlPatch_1_1,9313.4734191433,9313.5623581735
18,0,250424,222178,AlPatch_0_1,6136.2728171615,6136.3627006802
18,0,250423,222178,AlPatch_0_1,6136.2728171615,6136.3725874162
18,0,250484,218224,AlPatch_2_0,15571.430654621,15571.530266805
18,0,250483,218224,AlPatch_2_0,15571.430654621,15571.519079222
18,0,250540,215419,AlPatch_1_0,2133.42721744,2133.5186761856
18,0,250539,215419,AlPatch_1_0,2133.42721744,2133.513840613
18,0,250566,214172,AlPatch_0_0,19512.085389149,19512.179762113
18,0,250565,214172,AlPatch_0_0,19512.085389149,19512.177458686
18,0,250714,206030,AlPatch_2_1,2913.7671915868,2913.8683781269
18,0,250713,206030,AlPatch_2_1,2913.7671915868,2913.8549846796
18,0,250850,198679,AlPatch_0_1,8923.2857870376,8923.3724665426
18,0,250849,198679,AlPatch_0_1,8923.2857870376,8923.388429235
18,0,251260,175450,AlPatch_2_0,256.14807156724,256.24391506848
18,0,251259,175450,AlPatch_2_0,256.14807156724,256.24191100727
18,0,251454,164945,AlPatch_1_0,7348.0232096335,7348.1182791002
18,0,251453,164945,AlPatch_1_0,7348.0232096335,7348.1239302509
18,0,252460,106969,AlPatch_2_0,14795.973001968,14796.075478721
18,0,252459,106969,AlPatch_2_0,14795.973001968,14796.07451027
18,0,252688,92816,AlPatch_2_0,697.37355463911,697.47198788366
18,0,252687,92816,AlPatch_2_0,697.37355463911,697.47310072329
18,0,252728,90357,AlPatch_2_0,1791.097661856,1791.1870747839
18,0,252727,90357,AlPatch_2_0,1791.097661856,1791.1973463659
18,0,252774,87822,AlPatch_0_1,13551.995070143,13552.080608674
18,0,252773,87822,AlPatch_0_1,13551.995070143,13552.092555267
18,0,252976,75054,AlPatch_0_0,3750.9747062411,3751.0726055533
18,0,252975,75054,AlPatch_0_0,3750.9747062411,3751.0621397448
18,0,253862,24214,AlPatch_2_0,2344.7853864338,2344.8793598896
18,0,253861,24214,AlPatch_2_0,2344.7853864338,2344.8788229401
18,0,254216,4895,AlPatch_2_0,11286.466075117,11286.564170809
18,0,254215,4895,AlPatch_2_0,11286.466075117,11286.567165591
19,0,250048,246596,AlPatch_2_1,8555.7175727014,8555.8091528033
19,0,250047,246596,AlPatch_2_1,8555.7175727014,8555.8070064713
19,0,250684,210425,AlPatch_2_0,6473.0370369173,6473.134882779
19,0,250683,210425,AlPatch_2_0,6473.0370369173,6473.1285861513
19,0,251124,181403,AlPatch_2_1,4377.3852634771,4377.4842219524
19,0,251123,181403,AlPatch_2_1,4377.3852634771,4377.4754800148
19,0,251520,162436,AlPatch_2_0,15948.748861386,15948.838110931
19,0,251519,162436,AlPatch_2_0,15948.748861386,15948.834556127
19,0,251542,161608,AlPatch_1_0,4891.1577651282,4891.2525758077
19,0,251541,161608,AlPatch_1_0,4891.1577651282,4891.2502725165
19,0,251578,159559,AlPatch_2_0,250.94300899349,251.03661216972
19,0,251577,159559,AlPatch_2_0,250.94300899349,251.03732056318
19,0,251762,150731,AlPatch_1_1,14031.690276244,14031.781261434
19,0,251761,150731,AlPatch_1_1,14031.690276244,14031.781000922
19,0,251774,149735,AlPatch_0_1,5755.7346757456,5755.8282478353
19,0,251773,149735,AlPatch_0_1,5755.7346757456,5755.8243203245
19,0,252228,122437,AlPatch_0_1,13725.351344487,13725.442455567
19,0,252227,122437,AlPatch_0_1,13725.351344487,13725.448576175
19,0,252280,118741,AlPatch_2_0,15009.428476126,15009.517910395
19,0,252279,118741,AlPatch_2_0,15009.428476126,15009.518319178
19,0,253272,61416,AlPatch_0_0,20108.309262396,20108.407545705
19,0,253271,61416,AlPatch_0_0,20108.309262396,20108.404152758
19,0,253376,55133,AlPatch_2_0,635.88413139226,635.98199980899
19,0,253375,55133,AlPatch_2_0,635.88413139226,635.9829848899
19,0,253418,53356,AlPatch_1_0,1925.7911142151,1925.8855571383
19,0,253417,53356,AlPatch_1_0,1925.7911142151,1925.8883124958
19,0,253774,32868,AlPatch_1_0,12057.009219601,12057.09704473
19,0,253773,32868,AlPatch_1_0,12057.009219601,12057.096438739
19,0,253808,31131,AlPatch_2_0,16510.412825996,16510.500426878
19,0,253807,31131,AlPatch_2_0,16510.412825996,16510.515837194
1,0,250038,247030,AlPatch_0_1,7425.1578326788,7425.2593124782
1,0,250037,247030,AlPatch_0_1,7425.1578326788,7425.2557332587
1,0,250114,242410,AlPatch_2_0,4063.2534621571,4063.3429288619
1,0,250113,242410,AlPatch_2_0,4063.2534621571,4063.3511075788
1,0,250138,240906,AlPatch_0_0,6690.6809163295,6690.7715528632
1,0,250137,240906,AlPatch_0_0,6690.6809163295,6690.7714381141
1,0,250186,238829,AlPatch_1_1,12485.875091875,12485.975741558
1,0,250185,238829,AlPatch_1_1,12485.875091875,12485.966165936
1,0,250200,238363,AlPatch_0_1,17116.133550441,17116.223816805
1,0,250199,238363,AlPatch_0_1,17116.133550441,17116.219942436
1,0,250222,237050,AlPatch_1_0,680.88051441514,680.97938657831
1,0,250221,237050,AlPatch_1_0,680.88051441514,680.97722439625
1,0,250360,230145,AlPatch_1_1,6078.5459640374,6078.6378026205
1,0,250359,230145,AlPatch_1_1,6078.5459640374,6078.6354319571
1,0,250558,214682,AlPatch_2_0,13831.180553024,13831.2821075
1,0,250557,214682,AlPatch_2_0,13831.180553024,13831.2820058
1,0,251178,175399,AlPatch_2_1,1274.3169117261,1274.4093483738
1,0,251177,175399,AlPatch_2_1,1274.3169117261,1274.4056812977
1,0,251294,167060,AlPatch_2_1,9719.5305824366,9719.6203640176
1,0,251293,167060,AlPatch_2_1,9719.5305824366,9719.6307999688
1,0,251798,138708,AlPatch_0_0,3944.9196060713,3945.0182901618
1,0,251797,138708,AlPatch_0_0,3944.9196060713,3945.0187777616
1,0,252026,124605,AlPatch_2_0,1867.6441291495,1867.7319573005
1,0,252025,124605,AlPatch_2_0,1867.6441291495,1867.7368394774
1,0,252050,123723,AlPatch_0_0,5722.2697748111,5722.3584839464
1,0,252049,123723,AlPatch_0_0,5722.2697748111,5722.3575544842
1,0,252272,109400,AlPatch_1_0,1807.3999219776,1807.4935494554
1,0,252271,109400,AlPatch_1_0,1807.3999219776,1807.4963040583
1,0,252530,93018,AlPatch_1_1,3988.6001146411,3988.6950561675
1,0,252529,93018,AlPatch_1_1,3988.6001146411,3988.6942650362
1,0,252586,89595,AlPatch_2_0,960.38424660001,960.46978017834
1,0,252585,89595,AlPatch_2_0,960.38424660001,960.48640797697
1,0,252894,69225,AlPatch_0_1,13827.899858876,13827.99998606
1,0,252893,69225,AlPatch_0_1,13827.899858876,13827.988337452
1,0,253208,52190,AlPatch_2_1,9737.22634182,9737.322181522
1,0,253207,52190,AlPatch_2_1,9737.22634182,9737.3124505847
1,0,253400,42829,AlPatch_2_1,16462.962654016,16463.054061626
1,0,253399,42829,AlPatch_2_1,16462.962654016,16463.053741255
1,0,253494,36193,AlPatch_1_1,1893.830783041,1893.9164801138
1,0,253493,36193,AlPatch_1_1,1893.830783041,1893.9172352006
1,0,253506,35226,AlPatch_2_0,2479.2217053351,2479.3192096563
1,0,253505,35226,AlPatch_2_0,2479.2217053351,2479.313359594
1,0,253552,33243,AlPatch_2_0,11050.353122612,11050.454627201
1,0,253551,33243,AlPatch_2_0,11050.353122612,11050.442344021
1,0,253556,33076,AlPatch_0_0,3607.7113132352,3607.7968300692
1,0,253555,33076,AlPatch_0_0,3607.7113132352,3607.7970915141
1,0,253756,22510,AlPatch_2_0,5456.4158660672,5456.5053139112
1,0,253755,22510,AlPatch_2_0,5456.4158660672,5456.5159584823
1,0,253976,10280,AlPatch_1_1,15289.017436771,15289.113483965
1,0,253975,10280,AlPatch_1_1,15289.017436771,15289.103960497
2,0,250196,237977,AlPatch_1_0,1432.0190781735,1432.1085368096
2,0,250195,237977,AlPatch_1_0,1432.0190781735,1432.1115654355
2,0,250266,233516,AlPatch_1_0,13112.477079953,13112.567479931
2,0,250265,233516,AlPatch_1_0,13112.477079953,13112.579882887
2,0,250320,230649,AlPatch_2_1,18456.392902443,18456.484536325
2,0,250319,230649,AlPatch_2_1,18456.392902443,18456.489353897
2,0,251040,186559,AlPatch_2_1,2610.5765240651,2610.6795619931
2,0,251039,186559,AlPatch_2_1,2610.5765240651,2610.6633646926
2,0,251126,181259,AlPatch_1_1,3443.6823244913,3443.7760668172
2,0,251125,181259,AlPatch_1_1,3443.6823244913,3443.778346906
2,0,251170,178414,AlPatch_2_0,1316.1383702751,1316.2359438997
2,0,251169,178414,AlPatch_2_0,1316.1383702751,1316.2288995018
2,0,251194,176794,AlPatch_0_1,2693.1965616894,2693.2917065434
2,0,251193,176794,AlPatch_0_1,2693.1965616894,2693.2914492831
2,0,251318,170523,AlPatch_1_0,9477.1409338837,9477.2316959614
2,0,251317,170523,AlPatch_1_0,9477.1409338837,9477.2355567733
2,0,251350,169578,AlPatch_2_0,5846.1091127045,5846.2070965265
2,0,251349,169578,AlPatch_2_0,5846.1091127045,5846.2070983644
2,0,251632,154055,AlPatch_0_1,5511.6041135215,5511.7006220267
2,0,251631,154055,AlPatch_0_1,5511.6041135215,5511.6926414724
2,0,251654,152672,AlPatch_2_0,1619.9261443793,1620.0199349709
2,0,251653,152672,AlPatch_2_0,1619.9261443793,1620.0167976562
2,0,251768,145649,AlPatch_2_0,11220.264825344,11220.35872417
2,0,251767,145649,AlPatch_2_0,11220.264825344,11220.359629652
2,0,251828,141667,AlPatch_1_1,8826.3503178589,8826.4490985287
2,0,251827,141667,AlPatch_1_1,8826.3503178589,8826.445241575
2,0,251884,137515,AlPatch_0_0,8872.6649099075,8872.7563749915
2,0,251883,137515,AlPatch_0_0,8872.6649099075,8872.7579159505
2,0,251980,131779,AlPatch_0_0,14295.338938801,14295.42897328
2,0,251979,131779,AlPatch_0_0,14295.338938801,14295.429936505
2,0,252168,119564,AlPatch_1_0,3795.1398022672,3795.2257162467
2,0,252167,119564,AlPatch_1_0,3795.1398022672,3795.24079335
2,0,252488,103269,AlPatch_0_1,3835.016266985,3835.1062123676
2,0,252487,103269,AlPatch_0_1,3835.016266985,3835.1024623579
2,0,252632,94336,AlPatch_0_0,2032.5758025898,2032.6689858042
2,0,252631,94336,AlPatch_0_0,2032.5758025898,2032.6720765432
2,0,252806,84879,AlPatch_0_1,4314.3115207631,4314.3971902567
2,0,252805,84879,AlPatch_0_1,4314.3115207631,4314.3975539615
2,0,252820,83520,AlPatch_0_1,2143.2131291049,2143.3038164387
2,0,252819,83520,AlPatch_0_1,2143.2131291049,2143.3016752444
2,0,252904,79461,AlPatch_2_1,4492.1363253467,4492.2286392958
2,0,252903,79461,AlPatch_2_1,4492.1363253467,4492.2285955026
2,0,252994,73358,AlPatch_0_0,8032.09339678,8032.1818629592
2,0,252993,73358,AlPatch_0_0,8032.09339678,8032.1940253841
2,0,253112,66597,AlPatch_1_1,15059.928745837,15060.027437523
2,0,253111,66597,AlPatch_1_1,15059.928745837,15060.030463279
2,0,253480,44706,AlPatch_0_1,15449.022844831,15449.122973234
2,0,253479,44706,AlPatch_0_1,15449.022844831,15449.110613637
2,0,253602,38590,AlPatch_2_0,19184.626081179,19184.716987713
2,0,253601,38590,AlPatch_2_0,19184.626081179,19184.728157631
2,0,253796,25181,AlPatch_1_0,5734.0059418596,5734.0981459406
2,0,253795,25181,AlPatch_1_0,5734.0059418596,5734.0923398986
2,0,253856,21494,AlPatch_2_1,2425.2164731418,2425.3084099485
2,0,253855,21494,AlPatch_2_1,2425.2164731418,2425.3089778163
3,0,250122,244616,AlPatch_0_0,17008.528960993,17008.61457463
3,0,250121,244616,AlPatch_0_0,17008.528960993,17008.614135708
3,0,250136,244082,AlPatch_0_1,2659.7451821001,2659.8392389953
3,0,250135,244082,AlPatch_0_1,2659.7451821001,2659.8325326398
3,0,250210,239697,AlPatch_2_1,16517.075674185,16517.165156218
3,0,250209,239697,AlPatch_2_1,16517.075674185,16517.16926671
3,0,250458,225170,AlPatch_0_1,7704.537865662,7704.638627063
3,0,250457,225170,AlPatch_0_1,7704.537865662,7704.6390517863
3,0,250918,200222,AlPatch_1_1,8050.5181151803,8050.6039427791
3,0,250917,200222,AlPatch_1_1,8050.5181151803,8050.6034371216
3,0,251536,161643,AlPatch_2_0,1572.144648038,1572.2418374658
3,0,251535,161643,AlPatch_2_0,1572.144648038,1572.2360589941
3,0,251806,146594,AlPatch_2_1,11582.155551363,11582.251706482
3,0,251805,146594,AlPatch_2_1,11582.155551363,11582.250111431
3,0,252286,120322,AlPatch_0_1,14114.931366481,14115.027994491
3,0,252285,120322,AlPatch_0_1,14114.931366481,14115.026066869
3,0,252362,116489,AlPatch_1_1,16775.302021821,16775.387639779
3,0,252361,116489,AlPatch_1_1,16775.302021821,16775.393702381
3,0,252574,103913,AlPatch_1_0,7854.0042180519,7854.0947039849
3,0,252573,103913,AlPatch_1_0,7854.0042180519,7854.0963479111
3,0,252684,97238,AlPatch_1_0,7878.4085599631,7878.4962779471
3,0,252683,97238,AlPatch_1_0,7878.4085599631,7878.5013630235
3,0,252732,94689,AlPatch_2_1,12610.26962639,12610.369321141
3,0,252731,94689,AlPatch_2_1,12610.26962639,12610.359910779
3,0,252806,91280,AlPatch_1_0,9352.1678621741,9352.258223033
3,0,252805,91280,AlPatch_1_0,9352.1678621741,9352.2587071677
3,0,252812,91139,AlPatch_2_0,4352.0330479289,4352.1201934417
3,0,252811,91139,AlPatch_2_0,4352.0330479289,4352.1239962659
3,0,252876,87499,AlPatch_0_0,6219.3128985866,6219.4072166489
3,0,252875,87499,AlPatch_0_0,6219.3128985866,6219.4038208684
3,0,253454,52628,AlPatch_0_1,14218.855463619,14218.944745213
3,0,253453,52628,AlPatch_0_1,14218.855463619,14218.944915023
3,0,253456,52520,AlPatch_2_0,12173.070269954,12173.164598988
3,0,253455,52520,AlPatch_2_0,12173.070269954,12173.165494047
3,0,253592,44827,AlPatch_2_0,8129.1831466474,8129.2826847336
3,0,253591,44827,AlPatch_2_0,8129.1831466474,8129.2832792663
3,0,253822,30657,AlPatch_2_1,11568.474171112,11568.576032665
3,0,253821,30657,AlPatch_2_1,11568.474171112,11568.576524873
3,0,253942,23499,AlPatch_1_0,2945.9497729128,2946.0430177688
3,0,253941,23499,AlPatch_1_0,2945.9497729128,2946.0392787763
4,0,250086,245531,AlPatch_1_0,10173.013976576,10173.103180736
4,0,250085,245531,AlPatch_1_0,10173.013976576,10173.11403062
4,0,250334,231620,AlPatch_0_0,5833.50811984,5833.5946126723
4,0,250333,231620,AlPatch_0_0,5833.50811984,5833.5946473633
4,0,250516,219983,AlPatch_1_0,7798.7112550865,7798.8026471315
4,0,250515,219983,AlPatch_1_0,7798.7112550865,7798.7988504835
4,0,250784,204860,AlPatch_0_1,9848.4889598511,9848.5810231943
4,0,250783,204860,AlPatch_0_1,9848.4889598511,9848.5810707626
4,0,250844,199190,AlPatch_0_0,10518.750148237,10518.842017529
4,0,250843,199190,AlPatch_0_0,10518.750148237,10518.849223696
4,0,251000,190144,AlPatch_0_1,9926.2774430658,9926.3731546014
4,0,250999,190144,AlPatch_0_1,9926.2774430658,9926.3751851115
4,0,251244,173897,AlPatch_2_1,5662.0577639413,5662.1540065563
4,0,251243,173897,AlPatch_2_1,5662.0577639413,5662.1435596962
4,0,251294,171029,AlPatch_0_0,14624.618631527,14624.711257473
4,0,251293,171029,AlPatch_0_0,14624.618631527,14624.719150356
4,0,251466,160460,AlPatch_0_0,17977.705260031,17977.794218821
4,0,251465,160460,AlPatch_0_0,17977.705260031,17977.807628655
4,0,251526,157738,AlPatch_0_1,17196.499962422,17196.586771283
4,0,251525,157738,AlPatch_0_1,17196.499962422,17196.587189655
4,0,251654,150305,AlPatch_0_0,10095.573679409,10095.665144871
4,0,251653,150305,AlPatch_0_0,10095.573679409,10095.664574227
4,0,251750,144761,AlPatch_0_1,16034.168672925,16034.262601759
4,0,251749,144761,AlPatch_0_1,16034.168672925,16034.263351524
4,0,252016,127912,AlPatch_1_1,1642.0243186228,1642.11284347
4,0,252015,127912,AlPatch_1_1,1642.0243186228,1642.118453591
4,0,252082,123259,AlPatch_0_0,16158.057971036,16158.158641722
4,0,252081,123259,AlPatch_0_0,16158.057971036,16158.160208117
4,0,252560,99366,AlPatch_0_1,12800.204076224,12800.304238721
4,0,252559,99366,AlPatch_0_1,12800.204076224,12800.291327332
4,0,252606,97488,AlPatch_2_0,12433.541649367,12433.642184989
4,0,252605,97488,AlPatch_2_0,12433.541649367,12433.629936253
4,0,252638,95423,AlPatch_1_1,17676.058297019,17676.152119105
4,0,252637,95423,AlPatch_1_1,17676.058297019,17676.147268202
4,0,252694,92282,AlPatch_2_0,16390.441183525,16390.535201157
4,0,252693,92282,AlPatch_2_0,16390.441183525,16390.535297608
4,0,253062,70345,AlPatch_0_1,6818.8404196483,6818.927057842
4,0,253061,70345,AlPatch_0_1,6818.8404196483,6818.9266389034
4,0,253102,67682,AlPatch_2_1,1240.833238348,1240.92023328
4,0,253101,67682,AlPatch_2_1,1240.833238348,1240.9214032971
4,0,253878,26607,AlPatch_1_1,14119.722707613,14119.813042499
4,0,253877,26607,AlPatch_1_1,14119.722707613,14119.811899627
5,0,250050,247406,AlPatch_2_1,4660.7316719413,4660.8343863405
5,0,250049,247406,AlPatch_2_1,4660.7316719413,4660.8319473837
5,0,250320,232637,AlPatch_2_1,1062.1667365673,1062.2523701769
5,0,250319,232637,AlPatch_2_1,1062.1667365673,1062.2599101376
5,0,250682,214131,AlPatch_1_0,2445.0972313493,2445.1890577644
5,0,250681,214131,AlPatch_1_0,2445.0972313493,2445.1875898973
5,0,251188,182225,AlPatch_2_0,606.63375275477,606.71941757726
5,0,251187,182225,AlPatch_2_0,606.63375275477,606.72767717441
5,0,251466,165573,AlPatch_2_1,8056.1928950685,8056.2868385588
5,0,251465,165573,AlPatch_2_1,8056.1928950685,8056.2867932655
5,0,251660,155855,AlPatch_0_0,10865.125537571,10865.231585724
5,0,251659,155855,AlPatch_0_0,10865.125537571,10865.225868407
5,0,251854,145999,AlPatch_0_1,6364.2605610582,6364.3517646741
5,0,251853,145999,AlPatch_0_1,6364.2605610582,6364.3521466912
5,0,252248,119790,AlPatch_2_1,10932.655994307,10932.74466649
5,0,252247,119790,AlPatch_2_1,10932.655994307,10932.748643902
5,0,252420,110884,AlPatch_0_1,4889.9712656047,4890.0589930492
5,0,252419,110884,AlPatch_0_1,4889.9712656047,4890.0579821833
5,0,252452,108563,AlPatch_1_0,7398.2279012814,7398.3254874845
5,0,252451,108563,AlPatch_1_0,7398.2279012814,7398.3200819928
5,0,252564,101638,AlPatch_0_1,12645.110111596,12645.19815475
5,0,252563,101638,AlPatch_0_1,12645.110111596,12645.198370242
5,0,252864,82348,AlPatch_2_0,2178.1542442993,2178.2547012803
5,0,252863,82348,AlPatch_2_0,2178.1542442993,2178.2398352745
5,0,252952,77194,AlPatch_0_0,10936.724601678,10936.817799302
5,0,252951,77194,AlPatch_0_0,10936.724601678,10936.827424739
5,0,252964,76486,AlPatch_0_1,12365.327169686,12365.43157866
5,0,252963,76486,AlPatch_0_1,12365.327169686,12365.41395402
5,0,252984,74673,AlPatch_0_0,12597.178971294,12597.277959771
5,0,252983,74673,AlPatch_0_0,12597.178971294,12597.275752931
5,0,253208,59584,AlPatch_2_1,9220.1716817499,9220.2573715899
5,0,253207,59584,AlPatch_2_1,9220.1716817499,9220.2696290808
5,0,253250,56881,AlPatch_0_1,10451.820543677,10451.915484698
5,0,253249,56881,AlPatch_0_1,10451.820543677,10451.916774377
5,0,253262,56199,AlPatch_1_1,9329.0134582647,9329.1058566973
5,0,253261,56199,AlPatch_1_1,9329.0134582647,9329.1048222602
5,0,253422,47558,AlPatch_0_1,10344.463511898,10344.567224204
5,0,253421,47558,AlPatch_0_1,10344.463511898,10344.562243197
5,0,253674,32728,AlPatch_1_1,7628.7646884737,7628.8623076791
5,0,253673,32728,AlPatch_1_1,7628.7646884737,7628.8510814115
5,0,253754,28269,AlPatch_2_0,251.84685984362,251.9340089012
5,0,253753,28269,AlPatch_2_0,251.84685984362,251.93428050207
5,0,254012,13570,AlPatch_2_1,456.39007188737,456.48246715453
5,0,254011,13570,AlPatch_2_1,456.39007188737,456.47704573541
6,0,250424,224385,AlPatch_0_0,11085.767847563,11085.869556023
6,0,250423,224385,AlPatch_0_0,11085.767847563,11085.866759181
6,0,250710,209490,AlPatch_1_1,2072.8528233895,2072.948433613
6,0,250709,209490,AlPatch_1_1,2072.8528233895,2072.9453871034
6,0,250868,200209,AlPatch_0_0,10621.548769986,10621.65042792
6,0,250867,200209,AlPatch_0_0,10621.548769986,10621.635265262
6,0,250890,199242,AlPatch_2_0,1683.2988988879,1683.3887176434
6,0,250889,199242,AlPatch_2_0,1683.2988988879,1683.3869687854
6,0,250896,198690,AlPatch_1_1,14780.55252522,14780.646072069
6,0,250895,198690,AlPatch_1_1,14780.55252522,14780.648233941
6,0,250990,192151,AlPatch_0_1,18069.311591631,18069.404188658
6,0,250989,192151,AlPatch_0_1,18069.311591631,18069.407915463
6,0,252366,104869,AlPatch_2_0,247.821580569,247.9113287459
6,0,252365,104869,AlPatch_2_0,247.821580569,247.91212284336
6,0,252522,95110,AlPatch_0_1,6496.6725764093,6496.7603041376
6,0,252521,95110,AlPatch_0_1,6496.6725764093,6496.7613345764
6,0,252562,92681,AlPatch_0_1,12825.986970906,12826.077821263
6,0,252561,92681,AlPatch_0_1,12825.986970906,12826.075530152
6,0,252682,87157,AlPatch_0_1,6635.3779441688,6635.4753899801
6,0,252681,87157,AlPatch_0_1,6635.3779441688,6635.4750878646
6,0,252728,83721,AlPatch_2_1,4346.9575533041,4347.0536952789
6,0,252727,83721,AlPatch_2_1,4346.9575533041,4347.0534131465
6,0,252932,72131,AlPatch_0_0,4244.1639066888,4244.2494505031
6,0,252931,72131,AlPatch_0_0,4244.1639066888,4244.2498446535
6,0,253238,52935,AlPatch_2_1,11147.697024555,11147.79589134
6,0,253237,52935,AlPatch_2_1,11147.697024555,11147.790449223
6,0,253334,47997,AlPatch_0_1,5533.4613504313,5533.5594048641
6,0,253333,47997,AlPatch_0_1,5533.4613504313,5533.5558280192
6,0,253338,47365,AlPatch_2_0,3631.4846855255,3631.5861386687
6,0,253337,47365,AlPatch_2_0,3631.4846855255,3631.5729761542
6,0,253692,25833,AlPatch_1_0,544.30329537437,544.39541154162
6,0,253691,25833,AlPatch_1_0,544.30329537437,544.40407289235
6,0,253806,18851,AlPatch_1_1,13989.499820212,13989.590367413
6,0,253805,18851,AlPatch_1_1,13989.499820212,13989.590608004
7,0,250038,247782,AlPatch_2_1,2255.8951065983,2255.9959823899
7,0,250037,247782,AlPatch_2_1,2255.8951065983,2255.9821868428
7,0,250214,238734,AlPatch_1_0,9051.8524904495,9051.9501836796
7,0,250213,238734,AlPatch_1_0,9051.8524904495,9051.9437621965
7,0,250280,233916,AlPatch_2_0,439.12935746118,439.21515304485
7,0,250279,233916,AlPatch_2_0,439.12935746118,439.22515880568
7,0,250504,217922,AlPatch_2_0,19215.58760442,19215.685599808
7,0,250503,217922,AlPatch_2_0,19215.58760442,19215.677873478
7,0,250622,209987,AlPatch_0_1,11253.795346691,11253.883148871
7,0,250621,209987,AlPatch_0_1,11253.795346691,11253.889111662
7,0,250658,208464,AlPatch_2_1,4501.2015949141,4501.2947830206
7,0,250657,208464,AlPatch_2_1,4501.2015949141,4501.2964597906
7,0,250970,187982,AlPatch_2_0,255.43795107755,255.53802953006
7,0,250969,187982,AlPatch_2_0,255.43795107755,255.53185038616
7,0,251030,185378,AlPatch_0_0,4037.6021681567,4037.6901047468
7,0,251029,185378,AlPatch_0_0,4037.6021681567,4037.6891509702
7,0,251268,171949,AlPatch_1_0,12208.811901664,12208.901901558
7,0,251267,171949,AlPatch_1_0,12208.811901664,12208.902283401
7,0,251364,166011,AlPatch_0_1,7272.3074985851,7272.3986769258
7,0,251363,166011,AlPatch_0_1,7272.3074985851,7272.3971696395
7,0,251618,152104,AlPatch_2_1,4693.3049888595,4693.4065868822
7,0,251617,152104,AlPatch_2_1,4693.3049888595,4693.3910989189
7,0,251674,150225,AlPatch_2_1,2854.2807895638,2854.3740924814
7,0,251673,150225,AlPatch_2_1,2854.2807895638,2854.3772101911
7,0,251812,141973,AlPatch_2_0,1389.8680598384,1389.958797196
7,0,251811,141973,AlPatch_2_0,1389.8680598384,1389.9700546484
7,0,252066,126177,AlPatch_2_0,17044.974540113,17045.074761947
7,0,252065,126177,AlPatch_2_0,17044.974540113,17045.075487575
7,0,252118,122656,AlPatch_1_1,5446.8277282719,5446.9170804757
7,0,252117,122656,AlPatch_1_1,5446.8277282719,5446.923823141
7,0,252396,104506,AlPatch_1_0,3567.1300701853,3567.2175250604
7,0,252395,104506,AlPatch_1_0,3567.1300701853,3567.216717132
7,0,252474,98733,AlPatch_2_0,5825.2381658594,5825.3240796239
7,0,252473,98733,AlPatch_2_0,5825.2381658594,5825.3234655604
7,0,252638,89340,AlPatch_0_0,5089.5442462828,5089.6341904513
7,0,252637,89340,AlPatch_0_0,5089.5442462828,5089.6343397671
7,0,252658,88272,AlPatch_1_0,7750.0579130036,7750.1473465219
7,0,252657,88272,AlPatch_1_0,7750.0579130036,7750.1463429054
7,0,252734,84658,AlPatch_2_1,1181.1796280633,1181.2736857145
7,0,252733,84658,AlPatch_2_1,1181.1796280633,1181.2795031156
7,0,253274,51854,AlPatch_1_0,5173.2232199443,5173.313313539
7,0,253273,51854,AlPatch_1_0,5173.2232199443,5173.3138073516
7,0,253600,30448,AlPatch_0_1,6972.16828954,6972.2634739969
7,0,253599,30448,AlPatch_0_1,6972.16828954,6972.2667968457
7,0,253626,28463,AlPatch_1_0,2760.8485091789,2760.9366879572
7,0,253625,28463,AlPatch_1_0,2760.8485091789,2760.9524994457
7,0,253692,23593,AlPatch_2_0,9357.8938710954,9357.9810018272
7,0,253691,23593,AlPatch_2_0,9357.8938710954,9357.9968178371
7,0,253736,20783,AlPatch_2_0,301.71322466573,301.79859591558
7,0,253735,20783,AlPatch_2_0,301.71322466573,301.80492946733
7,0,253968,4592,AlPatch_0_0,13301.729461536,13301.819239408
7,0,253967,4592,AlPatch_0_0,13301.729461536,13301.824210286
8,0,250028,248098,AlPatch_1_0,4015.2398431017,4015.3291858304
8,0,250027,248098,AlPatch_1_0,4015.2398431017,4015.3349202481
8,0,250060,246143,AlPatch_2_1,11736.32079442,11736.416598827
8,0,250059,246143,AlPatch_2_1,11736.32079442,11736.418397938
8,0,250294,232134,AlPatch_2_0,7581.7113234208,7581.8051314606
8,0,250293,232134,AlPatch_2_0,7581.7113234208,7581.8029676433
8,0,250702,207489,AlPatch_1_0,5395.5671719065,5395.6638946679
8,0,250701,207489,AlPatch_1_0,5395.5671719066,5395.656286639
8,0,250786,201896,AlPatch_0_0,2410.1453511323,2410.2319108446
8,0,250785,201896,AlPatch_0_0,2410.1453511323,2410.232402517
8,0,250936,191561,AlPatch_0_1,14907.124730421,14907.221833901
8,0,250935,191561,AlPatch_0_1,14907.124730421,14907.222095015
8,0,250976,188333,AlPatch_1_0,13792.793930792,13792.880038906
8,0,250975,188333,AlPatch_1_0,13792.793930792,13792.879859961
8,0,251028,185118,AlPatch_2_1,9324.4171320861,9324.5039952067
8,0,251027,185118,AlPatch_2_1,9324.4171320862,9324.5182080446
8,0,251334,164801,AlPatch_0_0,5316.2835526555,5316.3756080525
8,0,251333,164801,AlPatch_0_0,5316.2835526555,5316.374574498
8,0,251456,157393,AlPatch_1_0,1527.4546493929,1527.5534543147
8,0,251455,157393,AlPatch_1_0,1527.4546493929,1527.5465646381
8,0,251746,138928,AlPatch_1_1,7365.5179117196,7365.6106161371
8,0,251745,138928,AlPatch_1_1,7365.5179117196,7365.618659805
8,0,251864,131049,AlPatch_0_0,3087.7955050109,3087.8872841572
8,0,251863,131049,AlPatch_0_0,3087.7955050109,3087.8814811737
8,0,252400,98357,AlPatch_2_0,1232.0369999519,1232.1279567337
8,0,252399,98357,AlPatch_2_0,1232.0369999519,1232.1273803082
8,0,252644,85117,AlPatch_1_0,5900.374306271,5900.4640685076
8,0,252643,85117,AlPatch_1_0,5900.374306271,5900.4713735225
8,0,252686,82972,AlPatch_0_0,7252.4483792689,7252.5394836822
8,0,252685,82972,AlPatch_0_0,7252.4483792689,7252.5406522099
8,0,252718,80664,AlPatch_2_0,8286.6476701504,8286.7418100551
8,0,252717,80664,AlPatch_2_0,8286.6476701504,8286.7452548014
8,0,252762,77180,AlPatch_1_1,10039.556343002,10039.652429182
8,0,252761,77180,AlPatch_1_1,10039.556343002,10039.644007509
8,0,252960,66499,AlPatch_2_1,5396.0088370295,5396.1093814964
8,0,252959,66499,AlPatch_2_1,5396.0088370295,5396.1043910663
8,0,253324,46214,AlPatch_0_0,6001.1758952941,6001.2681727825
8,0,253323,46214,AlPatch_0_0,6001.1758952941,6001.2683034522
8,0,253332,45809,AlPatch_1_0,14675.998033291,14676.089498972
8,0,253331,45809,AlPatch_1_0,14675.998033291,14676.093707379
8,0,253552,34345,AlPatch_2_1,12026.282940589,12026.374161627
8,0,253551,34345,AlPatch_2_1,12026.282940589,12026.386538502
8,0,253702,25374,AlPatch_2_0,1580.8556181027,1580.9483624179
8,0,253701,25374,AlPatch_2_0,1580.8556181027,1580.9452741165
8,0,253778,21433,AlPatch_2_0,11128.405224558,11128.50135642
8,0,253777,21433,AlPatch_2_0,11128.405224558,11128.497733141
8,0,253936,11417,AlPatch_2_0,9142.9161112368,9143.0103521758
8,0,253935,11417,AlPatch_2_0,9142.9161112368,9143.0037847947
9,0,250012,249192,AlPatch_1_1,15650.281636301,15650.367653564
9,0,250011,249192,AlPatch_1_1,15650.281636301,15650.367120983
9,0,250092,244167,AlPatch_0_1,14343.335962597,14343.423811304
9,0,250091,244167,AlPatch_0_1,14343.335962597,14343.429747965
9,0,250286,231870,AlPatch_1_0,7979.7706514977,7979.8562840247
9,0,250285,231870,AlPatch_1_0,7979.7706514977,7979.8561364921
9,0,250426,221602,AlPatch_0_0,18407.232146327,18407.326029468
9,0,250425,221602,AlPatch_0_0,18407.232146327,18407.319336112
9,0,250610,212107,AlPatch_0_0,11594.448757777,11594.540576436
9,0,250609,212107,AlPatch_0_0,11594.448757777,11594.548069618
9,0,250732,204537,AlPatch_2_1,3997.8000637128,3997.8923527175
9,0,250731,204537,AlPatch_2_1,3997.8000637128,3997.8951273358
9,0,250856,195961,AlPatch_2_1,5612.3864911064,5612.4844563138
9,0,250855,195961,AlPatch_2_1,5612.3864911064,5612.4780389907
9,0,251218,173427,AlPatch_2_1,18924.204485233,18924.297580019
9,0,251217,173427,AlPatch_2_1,18924.204485233,18924.291984337
9,0,251676,142927,AlPatch_0_1,6039.0006111007,6039.0952266159
9,0,251675,142927,AlPatch_0_1,6039.0006111007,6039.0889053321
9,0,251974,125456,AlPatch_1_0,17060.992697911,17061.080356297
9,0,251973,125456,AlPatch_1_0,17060.992697911,17061.090354144
9,0,251980,125033,AlPatch_1_1,2087.7238130335,2087.8239143253
9,0,251979,125033,AlPatch_1_1,2087.7238130335,2087.8121359742
9,0,252366,101466,AlPatch_2_1,1507.6834594332,1507.7831973666
9,0,252365,101466,AlPatch_2_1,1507.6834594332,1507.7720826424
9,0,252384,100216,AlPatch_0_1,11625.945818878,11626.04125723
9,0,252383,100216,AlPatch_0_1,11625.945818878,11626.038505694
9,0,252466,94536,AlPatch_2_0,252.70874144651,252.80287029392
9,0,252465,94536,AlPatch_2_0,252.70874144651,252.80623678208
9,0,252870,74371,AlPatch_2_0,251.9877903146,252.07381723565
9,0,252869,74371,AlPatch_2_0,251.9877903146,252.09145098874
9,0,252968,68981,AlPatch_0_0,7143.3690583912,7143.462966595
9,0,252967,68981,AlPatch_0_0,7143.3690583912,7143.4635733152
9,0,253442,42972,AlPatch_0_1,15886.828104481,15886.928366365
9,0,253441,42972,AlPatch_0_1,15886.828104481,15886.92889495
9,0,253632,34366,AlPatch_2_1,12270.893945102,12270.987664959
9,0,253631,34366,AlPatch_2_1,12270.893945102,12270.980644761
9,0,253732,27724,AlPatch_2_0,286.68711014781,286.77972585749
9,0,253731,27724,AlPatch_2_0,286.68711014781,286.77895650345
9,0,253856,20543,AlPatch_2_0,469.87226714342,469.96911639092
9,0,253855,20543,AlPatch_2_0,469.87226714342,469.96790244692
9,0,253998,9336,AlPatch_1_0,2526.6693783247,2526.7615571275
9,0,253997,9336,AlPatch_1_0,2526.6693783247,2526.7578351047
